{"cameraMode":{"drawMode":0,"name":"Shaded","section":"Shading Mode"},"sceneLighting":true,"audioPlay":false,"sceneViewState":{"showFog":false,"showMaterialUpdate":false,"showSkybox":false,"showFlares":false,"showImageEffects":false,"showParticleSystems":true},"in2DMode":false,"pivot":{"x":48.5282096862793,"y":-1912.21923828125,"z":-1180.400390625},"rotation":{"x":0.0018095409031957389,"y":0.8851807117462158,"z":-0.4652310907840729,"w":0.003443000139668584},"size":3826.34130859375,"orthographic":false}