{"cameraMode":{"drawMode":0,"name":"Shaded","section":"Shading Mode"},"sceneLighting":false,"audioPlay":false,"sceneViewState":{"showFog":false,"showMaterialUpdate":false,"showSkybox":false,"showFlares":false,"showImageEffects":false,"showParticleSystems":true},"in2DMode":false,"pivot":{"x":327.42626953125,"y":211.7158203125,"z":-49.92529296875},"rotation":{"x":-0.14142301678657533,"y":4.1433600017626306e-7,"z":9.856957916554166e-8,"w":-0.9899492859840393},"size":721.6914672851563,"orthographic":false}