{"cameraMode":{"drawMode":0,"name":"Shaded","section":"Shading Mode"},"sceneLighting":true,"audioPlay":false,"sceneViewState":{"showFog":false,"showMaterialUpdate":false,"showSkybox":false,"showFlares":false,"showImageEffects":false,"showParticleSystems":true},"in2DMode":false,"pivot":{"x":265.58038330078127,"y":-92.66259765625,"z":149.9022216796875},"rotation":{"x":-0.5200195908546448,"y":0.007687218952924013,"z":-0.004680301994085312,"w":-0.8541069626808167},"size":831.0703125,"orthographic":false}