{"cameraMode":{"drawMode":0,"name":"Shaded","section":"Shading Mode"},"sceneLighting":true,"audioPlay":false,"sceneViewState":{"showFog":false,"showMaterialUpdate":false,"showSkybox":false,"showFlares":false,"showImageEffects":false,"showParticleSystems":true},"in2DMode":false,"pivot":{"x":-265.9981384277344,"y":-115.1480712890625,"z":174.9652099609375},"rotation":{"x":-0.39621520042419436,"y":-0.0055090030655264858,"z":0.0023772278800606729,"w":-0.9181380867958069},"size":1662.5068359375,"orthographic":false}