{"cameraMode":{"drawMode":0,"name":"Shaded","section":"Shading Mode"},"sceneLighting":true,"audioPlay":false,"sceneViewState":{"showFog":false,"showMaterialUpdate":false,"showSkybox":false,"showFlares":false,"showImageEffects":false,"showParticleSystems":true},"in2DMode":false,"pivot":{"x":128.83612060546876,"y":-4.4641265869140629,"z":-71.8694839477539},"rotation":{"x":-0.7077494263648987,"y":-0.0010525232646614314,"z":0.001062737894244492,"w":-0.7064619064331055},"size":170.99893188476563,"orthographic":false}