{"cameraMode":{"drawMode":0,"name":"Shaded","section":"Shading Mode"},"sceneLighting":true,"audioPlay":false,"sceneViewState":{"showFog":false,"showMaterialUpdate":false,"showSkybox":false,"showFlares":false,"showImageEffects":false,"showParticleSystems":true},"in2DMode":false,"pivot":{"x":41.87706756591797,"y":32.13616943359375,"z":-159.24810791015626},"rotation":{"x":-0.36347636580467226,"y":-0.004191818181425333,"z":0.001635674387216568,"w":-0.931592583656311},"size":810.2767333984375,"orthographic":false}