{"cameraMode":{"drawMode":0,"name":"Shaded","section":"Shading Mode"},"sceneLighting":true,"audioPlay":false,"sceneViewState":{"showFog":false,"showMaterialUpdate":false,"showSkybox":false,"showFlares":false,"showImageEffects":false,"showParticleSystems":true},"in2DMode":false,"pivot":{"x":41.71315002441406,"y":-140.2601318359375,"z":15.689910888671875},"rotation":{"x":-0.5934975743293762,"y":-0.0012072527315467597,"z":0.0008902462432160974,"w":-0.8048343658447266},"size":866.81689453125,"orthographic":false}