{"cameraMode":{"drawMode":0,"name":"Shaded","section":"Shading Mode"},"sceneLighting":false,"audioPlay":false,"sceneViewState":{"showFog":false,"showMaterialUpdate":false,"showSkybox":false,"showFlares":false,"showImageEffects":false,"showParticleSystems":true},"in2DMode":false,"pivot":{"x":-0.17774668335914613,"y":-0.4192533493041992,"z":-0.36869049072265627},"rotation":{"x":-0.31830939650535586,"y":-0.017062168568372728,"z":0.005730243865400553,"w":-0.947816014289856},"size":3.5234358310699465,"orthographic":false}