{"cameraMode":{"drawMode":0,"name":"Shaded","section":"Shading Mode"},"sceneLighting":false,"audioPlay":false,"sceneViewState":{"showFog":false,"showMaterialUpdate":false,"showSkybox":false,"showFlares":false,"showImageEffects":false,"showParticleSystems":true},"in2DMode":false,"pivot":{"x":345.98834228515627,"y":335.98248291015627,"z":36.520416259765628},"rotation":{"x":-0.11901021748781204,"y":0.04168913885951042,"z":-0.005001256708055735,"w":-0.9920048713684082},"size":329.4117736816406,"orthographic":false}