{"cameraMode":{"drawMode":0,"name":"Shaded","section":"Shading Mode"},"sceneLighting":false,"audioPlay":false,"sceneViewState":{"showFog":false,"showMaterialUpdate":false,"showSkybox":false,"showFlares":false,"showImageEffects":false,"showParticleSystems":true},"in2DMode":false,"pivot":{"x":550.0,"y":215.53533935546876,"z":-119.16999816894531},"rotation":{"x":-0.39686813950538638,"y":0.2941516041755676,"z":-0.13593722879886628,"w":-0.8587732911109924},"size":171.47303771972657,"orthographic":false}