{"cameraMode":{"drawMode":0,"name":"Shaded","section":"Shading Mode"},"sceneLighting":false,"audioPlay":false,"sceneViewState":{"showFog":false,"showMaterialUpdate":false,"showSkybox":false,"showFlares":false,"showImageEffects":false,"showParticleSystems":true},"in2DMode":false,"pivot":{"x":480.79998779296877,"y":139.03533935546876,"z":-75.66999053955078},"rotation":{"x":-0.4223196804523468,"y":0.23208779096603394,"z":-0.11279846727848053,"w":-0.8689407110214233},"size":348.07855224609377,"orthographic":false}