{"cameraMode":{"drawMode":0,"name":"Shaded","section":"Shading Mode"},"sceneLighting":true,"audioPlay":false,"sceneViewState":{"showFog":false,"showMaterialUpdate":false,"showSkybox":false,"showFlares":false,"showImageEffects":false,"showParticleSystems":true},"in2DMode":false,"pivot":{"x":62.52497100830078,"y":20.152687072753908,"z":-83.20978546142578},"rotation":{"x":-0.46471092104911806,"y":-0.0013216885272413493,"z":0.0007002233760431409,"w":-0.8854612112045288},"size":153.2942352294922,"orthographic":false}