{"cameraMode":{"drawMode":0,"name":"Shaded","section":"Shading Mode"},"sceneLighting":true,"audioPlay":false,"sceneViewState":{"showFog":false,"showMaterialUpdate":false,"showSkybox":false,"showFlares":false,"showImageEffects":false,"showParticleSystems":true},"in2DMode":false,"pivot":{"x":4.1356353759765629,"y":2.3538687229156496,"z":0.909799337387085},"rotation":{"x":-0.02107623964548111,"y":0.14702874422073365,"z":-0.003132415935397148,"w":-0.988902747631073},"size":15.400003433227539,"orthographic":false}